Passenger ID,Number of Flights,First Name,Last Name
2068,32,Yolande,Pete
1677,27,Katherina,Vasiliki
4827,27,Jaime,Renay
8961,26,Ginny,Clara
3173,26,Sunshine,Scott
2857,25,Son,Ginette
288,25,Pamila,Mavis
917,25,Anisha,Alaine
8363,25,Branda,Kimiko
5096,25,Blythe,Hyon
6084,25,Cole,Sharyl
760,25,Vernia,Mui
5867,25,Luise,Raymond
1343,24,Bennett,Staci
5668,24,Gladis,Earlene
2441,24,Kayla,Rufus
3367,24,Priscilla,Corie
1240,24,Catherine,Missy
366,23,Carman,Meghan
281,23,Sage,Fernanda
1673,23,Jeanie,Gladis
3405,23,Johna,Ollie
613,23,Palmer,Yuonne
2251,23,Gussie,Temple
1598,23,Amelia,Betsey
9441,23,Annalisa,Luanna
3093,23,Theda,Rodrick
2717,23,Shannon,Marlyn
4056,23,Dagmar,Marilee
5332,23,Bobette,Laurice
8411,23,Juliann,Cheryll
1337,23,Kirby,Melvin
211,23,Lori,Jeremiah
3590,23,Isiah,Tyler
8353,23,Davis,Williams
7643,23,Albina,Joni
167,22,Mona,Kassandra
4611,22,Cristi,Eugenia
9252,22,Angella,Margret
2939,22,Jaleesa,Clement
392,22,Cory,Ebonie
258,22,Emmaline,Marcelle
1413,22,Carlee,Timmy
3180,22,Yvette,Peter
5490,22,Toni,Winnifred
7162,22,Alfonso,Dinah
391,22,Carolynn,Enola
798,22,Ramiro,Terisa
6447,22,Brigitte,Jodie
3078,22,Laquita,Kate
350,22,Annemarie,Nilsa
739,22,Sadye,Rhea
4034,22,Thalia,Maurice
2437,22,Charlyn,Wynona
5423,22,Sirena,Nigel
1769,22,Lisha,Delmer
3332,21,Kiara,Donnie
1464,21,Margherita,Arica
9540,21,Rhoda,Gavin
2516,21,Tamar,Claretta
6060,21,Delisa,Elisha
1982,21,Izetta,Marjorie
5560,21,Lang,Johnie
848,21,Marya,Eliana
4502,21,Thea,Yolando
2254,21,Angelina,Gracia
2926,21,Vicky,Patrica
435,21,Tiffani,Frances
5007,21,Laticia,Katherine
905,21,Terrie,Gisela
398,21,Mario,Trinh
364,21,Donya,Stephan
1581,21,Marx,Artie
4632,21,Jacklyn,Christia
1651,21,Alex,Annabelle
6777,21,Tamara,Terresa
5416,21,Chin,Claretta
3112,21,Madie,Winona
437,21,Kelli,Roger
763,21,Will,Chanelle
4399,21,Kevin,Nicole
4552,21,Mayme,Luvenia
4249,21,Chi,Valeri
2185,21,Rae,Chas
3883,20,Vina,Jewel
1818,20,Marlon,Towanda
2544,20,Annamae,Marva
4031,20,Gaston,Luciano
3867,20,Nida,Darcey
8988,20,Tamika,Harriett
139,20,Vita,Eileen
4200,20,Albert,Robby
2467,20,Abe,Rosalia
859,20,Eilene,Velvet
5775,20,Mozella,Essie
628,20,Rosalina,Lavinia
3309,20,Ellen,Trang
3589,20,Lee,Ben
5012,20,Helen,Molly
7590,20,Christiane,Shanna
